<!-- Quest Data -->

<quests>
    <quest id = "1" name="Rescue the alies" description="Destroy the orc barrack and they will join you." state="0" reward="2">
          <trigger type = "1"> 
                <reach_building id = "14"/>
          </trigger>
	  <step type = "0"> 
                <destroy_building id = "14"/>
          </step>
    </quest>

    <quest id = "2" name="Destroy the arch. range" description="You will get a tasty reward." state="0" reward="1">
          <trigger type = "1"> 
                <reach_building id = "15"/>
          </trigger>
	  <step type = "0"> 
                <destroy_building id = "15"/>
          </step>
    </quest>
</quests>